<?xml version="1.0" encoding="utf-8"?>
<openerp>
	<data>
		<record model="ir.ui.view" id="book_form_view">
			<field name="name">Books</field>
			<field name="model">test.book</field>
			<field name="arch" type="xml">
				<tree string="Test book Tree" version="7.0">
					<field name="code" />
					<field name="name" />
					<field name="price" />
				</tree>
			</field>
		</record>

		<record model="ir.ui.view" id="book_form_view">
			<field name="name">books</field>
			<field name="model">test.book</field>
			<field name="arch" type="xml">
				<form string="Test book form" version="7.0">
					<shee>
						<group>
							<field name="code" />
							<field name="name" />
							<field name="price" />
						</group>
					</shee>
				</form>
			</field>
		</record>


		<!-- Subinvoice action -->
		<record model="ir.actions.act_window" id="test_book_action">
			<field name="name">book  test</field>
			<field name="res_model">test.book</field>
			<field name="view_type">form</field>
			<field name="view_mode">tree,form</field>
			<field name="help" type="html">
				<p class="oe_view_nocontent_create">books.</p>
			</field>
		</record>

		<!-- menuitems -->
		<menuitem id="investment_region_menu" name="book test"
			parent="account.menu_finance_receivables" action="test_book_action" />
	</data>
</openerp>