<?xml version="1.0" encoding="utf-8"?>
<openerp>
    <data noupdate="1">

        <!--Email template -->
         <record id="mailtest_template" model="email.template">
            <field name="name">Longcheng mail Template</field>
            <field name="email_from">${(object.user_email)}</field>
            <field name="email_to">${object.email}</field>
            <field name="subject">Hello,This mail is auto sent by system.</field>
            <field name="model_id" ref="mailtest.model_hp_mailtest"/>
            <field name="auto_delete" eval="True"/>
            <field name="body_html">Con!</field>
        </record>
    </data>
</openerp>